{
    "1": {
        "train_loss": 1.8199830395834786,
        "train_IoU": 0.04249378973005953,
        "train_epoch_time": 653.3603694438934,
        "val_loss": 1.826610952615738,
        "val_IoU": 0.04678538352560144,
        "val_epoch_time": 178.17057633399963
    },
    "2": {
        "train_loss": 1.8121690494673592,
        "train_IoU": 0.0493990226608708,
        "train_epoch_time": 651.8157889842987,
        "val_loss": 1.8255318999290466,
        "val_IoU": 0.04763440619162726,
        "val_epoch_time": 178.67197370529175
    },
    "3": {
        "train_loss": 1.822663290160043,
        "train_IoU": 0.04502216230191967,
        "train_epoch_time": 654.0228705406189,
        "val_loss": 1.8435505032539368,
        "val_IoU": 0.047991533199996814,
        "val_epoch_time": 180.23154067993164
    },
    "4": {
        "train_loss": 1.8271451933043343,
        "train_IoU": 0.033968931721103754,
        "train_epoch_time": 656.444854259491,
        "val_loss": 1.8465462028980255,
        "val_IoU": 0.048373531407374146,
        "val_epoch_time": 178.3630039691925
    },
    "5": {
        "train_loss": 1.8237267902919223,
        "train_IoU": 0.0436306900846977,
        "train_epoch_time": 653.0466175079346,
        "val_loss": 1.859790176153183,
        "val_IoU": 0.04626759922071136,
        "val_epoch_time": 176.66134023666382
    },
    "6": {
        "train_loss": 1.809103982789176,
        "train_IoU": 0.04699739103383722,
        "train_epoch_time": 654.8844649791718,
        "val_loss": 1.8360315263271332,
        "val_IoU": 0.044820793337621054,
        "val_epoch_time": 177.90773367881775
    },
    "7": {
        "train_loss": 1.8122113091605048,
        "train_IoU": 0.04440635398313236,
        "train_epoch_time": 653.4318177700043,
        "val_loss": 1.8302182853221893,
        "val_IoU": 0.04274632939938703,
        "val_epoch_time": 177.31226301193237
    },
    "8": {
        "train_loss": 1.8145156928471156,
        "train_IoU": 0.04955679585562574,
        "train_epoch_time": 653.1120352745056,
        "val_loss": 1.8473448753356934,
        "val_IoU": 0.042163900335992176,
        "val_epoch_time": 177.06413865089417
    },
    "9": {
        "train_loss": 1.8183332170758928,
        "train_IoU": 0.0406513407632929,
        "train_epoch_time": 654.8971471786499,
        "val_loss": 1.8373532891273499,
        "val_IoU": 0.037904909014903454,
        "val_epoch_time": 178.42087578773499
    },
    "10": {
        "train_loss": 1.8139945353780476,
        "train_IoU": 0.044148753434795865,
        "train_epoch_time": 654.2048630714417,
        "val_loss": 1.837155431509018,
        "val_IoU": 0.04130304483200095,
        "val_epoch_time": 177.76062750816345
    },
    "11": {
        "train_loss": 1.808576422078269,
        "train_IoU": 0.046982438763790456,
        "train_epoch_time": 653.3386373519897,
        "val_loss": 1.8431826829910278,
        "val_IoU": 0.04648572727944864,
        "val_epoch_time": 177.28776359558105
    },
    "12": {
        "train_loss": 1.8089827554566524,
        "train_IoU": 0.0377846845178564,
        "train_epoch_time": 654.6669783592224,
        "val_loss": 1.8164017796516418,
        "val_IoU": 0.04093870720316456,
        "val_epoch_time": 178.11051678657532
    },
    "13": {
        "train_loss": 1.8122580392020087,
        "train_IoU": 0.04482642022657446,
        "train_epoch_time": 652.8907814025879,
        "val_loss": 1.844935655593872,
        "val_IoU": 0.0435022971821616,
        "val_epoch_time": 177.84485363960266
    },
    "14": {
        "train_loss": 1.8008195928164892,
        "train_IoU": 0.047025329524838615,
        "train_epoch_time": 654.0476651191711,
        "val_loss": 1.8192448914051054,
        "val_IoU": 0.04083148669652013,
        "val_epoch_time": 178.6257984638214
    },
    "15": {
        "train_loss": 1.80276529278074,
        "train_IoU": 0.044193435089123705,
        "train_epoch_time": 652.1114146709442,
        "val_loss": 1.8170710504055023,
        "val_IoU": 0.04155146619683648,
        "val_epoch_time": 178.41522526741028
    },
    "16": {
        "train_loss": 1.7994893022945946,
        "train_IoU": 0.04722831414744481,
        "train_epoch_time": 652.9423565864563,
        "val_loss": 1.8442733883857725,
        "val_IoU": 0.041500442651830075,
        "val_epoch_time": 178.2618145942688
    },
    "17": {
        "train_loss": 1.802842880998339,
        "train_IoU": 0.04529981695955375,
        "train_epoch_time": 652.829519033432,
        "val_loss": 1.8384374976158142,
        "val_IoU": 0.04696675674208335,
        "val_epoch_time": 176.85500240325928
    },
    "18": {
        "train_loss": 1.802804572241647,
        "train_IoU": 0.041471585581085615,
        "train_epoch_time": 652.1741189956665,
        "val_loss": 1.8447304964065552,
        "val_IoU": 0.046333147797867145,
        "val_epoch_time": 176.52418780326843
    },
    "19": {
        "train_loss": 1.7907140851020817,
        "train_IoU": 0.04565298837462044,
        "train_epoch_time": 652.6650009155273,
        "val_loss": 1.79682856798172,
        "val_IoU": 0.04812358109062835,
        "val_epoch_time": 178.14365434646606
    }
}