{
    "1": {
        "train_loss": 1.822910589831216,
        "train_IoU": 0.040283126773420753,
        "train_epoch_time": 656.1201763153076,
        "val_loss": 1.8119912445545197,
        "val_IoU": 0.04613906059038238,
        "val_epoch_time": 176.95307874679565
    },
    "2": {
        "train_loss": 1.8226120812552313,
        "train_IoU": 0.04616836173295142,
        "train_epoch_time": 655.3207983970642,
        "val_loss": 1.7928847968578339,
        "val_IoU": 0.049028381124169074,
        "val_epoch_time": 176.26063418388367
    },
    "3": {
        "train_loss": 1.8158751726150515,
        "train_IoU": 0.04678075936609872,
        "train_epoch_time": 655.30668592453,
        "val_loss": 1.7917759418487549,
        "val_IoU": 0.04825818196230106,
        "val_epoch_time": 176.36102771759033
    },
    "4": {
        "train_loss": 1.8153045943805148,
        "train_IoU": 0.041226352024700166,
        "train_epoch_time": 656.1459364891052,
        "val_loss": 1.7731785774230957,
        "val_IoU": 0.04883999945621091,
        "val_epoch_time": 177.0399830341339
    },
    "5": {
        "train_loss": 1.819660076073238,
        "train_IoU": 0.04127594762224525,
        "train_epoch_time": 655.2343451976776,
        "val_loss": 1.8050093948841095,
        "val_IoU": 0.047960505340221546,
        "val_epoch_time": 176.6840705871582
    },
    "6": {
        "train_loss": 1.8162961857659474,
        "train_IoU": 0.045290281413119124,
        "train_epoch_time": 655.7406601905823,
        "val_loss": 1.7711580097675326,
        "val_IoU": 0.04224812564374126,
        "val_epoch_time": 175.60374784469604
    },
    "7": {
        "train_loss": 1.8140542847769605,
        "train_IoU": 0.04226265533199018,
        "train_epoch_time": 654.8189253807068,
        "val_loss": 1.7945502996444702,
        "val_IoU": 0.048535204522885164,
        "val_epoch_time": 175.52216482162476
    },
    "8": {
        "train_loss": 1.82068304504667,
        "train_IoU": 0.03587996754987086,
        "train_epoch_time": 655.0178959369659,
        "val_loss": 1.808973729610443,
        "val_IoU": 0.0430242499692061,
        "val_epoch_time": 176.8018753528595
    },
    "9": {
        "train_loss": 1.8283265488488332,
        "train_IoU": 0.0406653271124225,
        "train_epoch_time": 656.573308467865,
        "val_loss": 1.8159209787845614,
        "val_IoU": 0.04342752408014573,
        "val_epoch_time": 177.02084350585938
    },
    "10": {
        "train_loss": 1.811771239553179,
        "train_IoU": 0.04680345996791607,
        "train_epoch_time": 654.5292222499847,
        "val_loss": 1.7642412781715393,
        "val_IoU": 0.04628021450571631,
        "val_epoch_time": 179.75983572006226
    },
    "11": {
        "train_loss": 1.814454700265612,
        "train_IoU": 0.043248542624406056,
        "train_epoch_time": 665.7978630065918,
        "val_loss": 1.7768532931804657,
        "val_IoU": 0.04731732474230221,
        "val_epoch_time": 176.67641162872314
    },
    "12": {
        "train_loss": 1.8078853658267429,
        "train_IoU": 0.05034795668323096,
        "train_epoch_time": 652.7765583992004,
        "val_loss": 1.8018040359020235,
        "val_IoU": 0.047540766110671595,
        "val_epoch_time": 176.4704945087433
    },
    "13": {
        "train_loss": 1.822113880089351,
        "train_IoU": 0.036736227083053866,
        "train_epoch_time": 654.2103793621063,
        "val_loss": 1.8159098029136658,
        "val_IoU": 0.04894935911251954,
        "val_epoch_time": 176.656311750412
    },
    "14": {
        "train_loss": 1.8210293310029164,
        "train_IoU": 0.0501265486416802,
        "train_epoch_time": 654.304681301117,
        "val_loss": 1.7985119819641113,
        "val_IoU": 0.04322909014280513,
        "val_epoch_time": 176.03650212287903
    },
    "15": {
        "train_loss": 1.7998594726834976,
        "train_IoU": 0.042176847317935806,
        "train_epoch_time": 654.4924926757812,
        "val_loss": 1.7839305102825165,
        "val_IoU": 0.046526642910899606,
        "val_epoch_time": 176.22728157043457
    },
    "16": {
        "train_loss": 1.7954614588192532,
        "train_IoU": 0.046085984613389905,
        "train_epoch_time": 652.4687945842743,
        "val_loss": 1.754606455564499,
        "val_IoU": 0.04765629104609962,
        "val_epoch_time": 176.28342032432556
    },
    "17": {
        "train_loss": 1.796590260096959,
        "train_IoU": 0.046469950218404,
        "train_epoch_time": 653.8682076931,
        "val_loss": 1.7780920863151553,
        "val_IoU": 0.04767112710299251,
        "val_epoch_time": 176.8696150779724
    },
    "18": {
        "train_loss": 1.8027416723115104,
        "train_IoU": 0.04372117524841533,
        "train_epoch_time": 652.6567130088806,
        "val_loss": 1.7674085795879364,
        "val_IoU": 0.05111005390556396,
        "val_epoch_time": 174.7412281036377
    },
    "19": {
        "train_loss": 1.7967397655759538,
        "train_IoU": 0.04447767417831897,
        "train_epoch_time": 652.6764075756073,
        "val_loss": 1.7880409359931946,
        "val_IoU": 0.04386598018560002,
        "val_epoch_time": 175.75440430641174
    }
}