{
    "1": {
        "train_loss": 1.8471352883747645,
        "train_IoU": 0.045671667138713706,
        "train_epoch_time": 652.0143971443176,
        "val_loss": 1.8399679362773895,
        "val_IoU": 0.04069120420203269,
        "val_epoch_time": 178.173348903656
    },
    "2": {
        "train_loss": 1.8339072295597623,
        "train_IoU": 0.04306082383203575,
        "train_epoch_time": 649.7774302959442,
        "val_loss": 1.842665195465088,
        "val_IoU": 0.04350088882116499,
        "val_epoch_time": 178.34195041656494
    },
    "3": {
        "train_loss": 1.8272955673081535,
        "train_IoU": 0.04813197600413917,
        "train_epoch_time": 649.8039953708649,
        "val_loss": 1.8162473440170288,
        "val_IoU": 0.0468627020161117,
        "val_epoch_time": 179.3644037246704
    },
    "4": {
        "train_loss": 1.8236265863691057,
        "train_IoU": 0.0374940796660451,
        "train_epoch_time": 650.0174627304077,
        "val_loss": 1.8361039459705353,
        "val_IoU": 0.04083725093437966,
        "val_epoch_time": 178.98521757125854
    },
    "5": {
        "train_loss": 1.8302735430853705,
        "train_IoU": 0.04556773335698161,
        "train_epoch_time": 649.332403421402,
        "val_loss": 1.8320260047912598,
        "val_IoU": 0.044613391502049037,
        "val_epoch_time": 178.66066479682922
    },
    "6": {
        "train_loss": 1.828009682042258,
        "train_IoU": 0.034104062520985814,
        "train_epoch_time": 696.9678657054901,
        "val_loss": 1.850672870874405,
        "val_IoU": 0.03195507846949057,
        "val_epoch_time": 178.40716004371643
    },
    "7": {
        "train_loss": 1.836108045918601,
        "train_IoU": 0.040801509376517435,
        "train_epoch_time": 648.9184029102325,
        "val_loss": 1.8379574716091156,
        "val_IoU": 0.03763563327334595,
        "val_epoch_time": 178.55744791030884
    },
    "8": {
        "train_loss": 1.8324643032891412,
        "train_IoU": 0.05235924682826374,
        "train_epoch_time": 647.9248237609863,
        "val_loss": 1.8342258632183075,
        "val_IoU": 0.04733639747236196,
        "val_epoch_time": 178.5576856136322
    },
    "9": {
        "train_loss": 1.832558597837176,
        "train_IoU": 0.04153091688612152,
        "train_epoch_time": 650.2054135799408,
        "val_loss": 1.8474488854408264,
        "val_IoU": 0.04420365888638555,
        "val_epoch_time": 178.71850514411926
    },
    "10": {
        "train_loss": 1.824210396834782,
        "train_IoU": 0.042614906068471216,
        "train_epoch_time": 651.034188747406,
        "val_loss": 1.8332635164260864,
        "val_IoU": 0.04397507467510804,
        "val_epoch_time": 178.52419137954712
    },
    "11": {
        "train_loss": 1.8080475074904303,
        "train_IoU": 0.04924161401483433,
        "train_epoch_time": 649.8219149112701,
        "val_loss": 1.8144290447235107,
        "val_IoU": 0.045610559087806826,
        "val_epoch_time": 178.43142580986023
    },
    "12": {
        "train_loss": 1.8088607958384924,
        "train_IoU": 0.04362832291466809,
        "train_epoch_time": 649.1948821544647,
        "val_loss": 1.8089260458946228,
        "val_IoU": 0.04409367916628363,
        "val_epoch_time": 178.44511532783508
    },
    "13": {
        "train_loss": 1.8164162124906265,
        "train_IoU": 0.04534742872515411,
        "train_epoch_time": 698.2233462333679,
        "val_loss": 1.8188655376434326,
        "val_IoU": 0.038102025523551936,
        "val_epoch_time": 178.71463561058044
    },
    "14": {
        "train_loss": 1.8190873094967432,
        "train_IoU": 0.04439289403806651,
        "train_epoch_time": 650.120952129364,
        "val_loss": 1.8149683773517609,
        "val_IoU": 0.047992222452451105,
        "val_epoch_time": 178.20616602897644
    },
    "15": {
        "train_loss": 1.8071595770972113,
        "train_IoU": 0.04472045771437518,
        "train_epoch_time": 648.421552658081,
        "val_loss": 1.825513541698456,
        "val_IoU": 0.04571725557961818,
        "val_epoch_time": 178.5605845451355
    },
    "16": {
        "train_loss": 1.8098369411059787,
        "train_IoU": 0.044154917232250145,
        "train_epoch_time": 648.1164629459381,
        "val_loss": 1.8291742503643036,
        "val_IoU": 0.03919412196795213,
        "val_epoch_time": 179.48078680038452
    },
    "17": {
        "train_loss": 1.8128121750695365,
        "train_IoU": 0.0406269343181601,
        "train_epoch_time": 649.1980619430542,
        "val_loss": 1.8194490373134613,
        "val_IoU": 0.04385176644567833,
        "val_epoch_time": 178.35622096061707
    },
    "18": {
        "train_loss": 1.8144401141575404,
        "train_IoU": 0.04347449339634911,
        "train_epoch_time": 650.103798866272,
        "val_loss": 1.8078576028347015,
        "val_IoU": 0.04260882516555405,
        "val_epoch_time": 178.70063376426697
    },
    "19": {
        "train_loss": 1.812950423785618,
        "train_IoU": 0.041547829426369864,
        "train_epoch_time": 649.5927374362946,
        "val_loss": 1.8010540604591372,
        "val_IoU": 0.04315488626298133,
        "val_epoch_time": 178.92988681793213
    }
}