{
    "1": {
        "train_loss": 2.0956086005483354,
        "train_IoU": 0.02022930908203125,
        "train_epoch_time": 649.5505480766296,
        "val_loss": 2.022311240434647,
        "val_IoU": 0.020860900878906248,
        "val_epoch_time": 176.75533390045166
    },
    "2": {
        "train_loss": 1.9969224589211603,
        "train_IoU": 0.021567291259765625,
        "train_epoch_time": 684.5704710483551,
        "val_loss": 1.9685846865177155,
        "val_IoU": 0.020578216552734375,
        "val_epoch_time": 174.9907112121582
    },
    "3": {
        "train_loss": 1.988362891333444,
        "train_IoU": 0.01979742431640625,
        "train_epoch_time": 649.9162259101868,
        "val_loss": 1.967724770307541,
        "val_IoU": 0.0194593505859375,
        "val_epoch_time": 176.62525177001953
    },
    "4": {
        "train_loss": 1.9824175919805254,
        "train_IoU": 0.020034606933593747,
        "train_epoch_time": 653.2880356311798,
        "val_loss": 1.969320297241211,
        "val_IoU": 0.020662994384765626,
        "val_epoch_time": 177.19586610794067
    },
    "5": {
        "train_loss": 1.9797832114355909,
        "train_IoU": 0.020486968994140625,
        "train_epoch_time": 654.6394991874695,
        "val_loss": 1.9527942836284637,
        "val_IoU": 0.019243682861328125,
        "val_epoch_time": 178.08037328720093
    },
    "6": {
        "train_loss": 1.9714255588395253,
        "train_IoU": 0.01982659912109375,
        "train_epoch_time": 653.7904222011566,
        "val_loss": 1.9576849937438965,
        "val_IoU": 0.018923767089843748,
        "val_epoch_time": 177.37553668022156
    },
    "7": {
        "train_loss": 1.9555372425488065,
        "train_IoU": 0.028202511355839323,
        "train_epoch_time": 653.148875951767,
        "val_loss": 1.943023920059204,
        "val_IoU": 0.02580323400342981,
        "val_epoch_time": 178.19885873794556
    },
    "8": {
        "train_loss": 1.9409347687448777,
        "train_IoU": 0.024490167460836706,
        "train_epoch_time": 653.9263782501221,
        "val_loss": 1.9403252303600311,
        "val_IoU": 0.026291087367249007,
        "val_epoch_time": 175.51985573768616
    },
    "9": {
        "train_loss": 1.9233511345727103,
        "train_IoU": 0.02394107480102777,
        "train_epoch_time": 652.6357612609863,
        "val_loss": 1.9042928814888,
        "val_IoU": 0.02547883574105949,
        "val_epoch_time": 176.28100872039795
    },
    "10": {
        "train_loss": 1.9148222718920027,
        "train_IoU": 0.036174257930021415,
        "train_epoch_time": 649.2642602920532,
        "val_loss": 1.8910017013549805,
        "val_IoU": 0.026539760356434842,
        "val_epoch_time": 175.64898467063904
    },
    "11": {
        "train_loss": 1.9113597869873051,
        "train_IoU": 0.03763109342351959,
        "train_epoch_time": 649.7372703552246,
        "val_loss": 1.8999677300453186,
        "val_IoU": 0.0362046621691071,
        "val_epoch_time": 174.98982453346252
    },
    "12": {
        "train_loss": 1.9206226212637765,
        "train_IoU": 0.02978847026617475,
        "train_epoch_time": 650.5312733650208,
        "val_loss": 1.9023037552833557,
        "val_IoU": 0.032783362945457986,
        "val_epoch_time": 176.25601267814636
    },
    "13": {
        "train_loss": 1.9136274882725304,
        "train_IoU": 0.0288479143516537,
        "train_epoch_time": 650.304906129837,
        "val_loss": 1.8987186253070831,
        "val_IoU": 0.03463910743627312,
        "val_epoch_time": 176.2314453125
    },
    "14": {
        "train_loss": 1.909194724900382,
        "train_IoU": 0.03781605559163105,
        "train_epoch_time": 650.4686493873596,
        "val_loss": 1.889741510152817,
        "val_IoU": 0.035545251428365066,
        "val_epoch_time": 175.85419416427612
    },
    "15": {
        "train_loss": 1.8899982827050343,
        "train_IoU": 0.04211645675277489,
        "train_epoch_time": 649.998996257782,
        "val_loss": 1.868676483631134,
        "val_IoU": 0.035417540923196156,
        "val_epoch_time": 176.35077452659607
    },
    "16": {
        "train_loss": 1.883793592453003,
        "train_IoU": 0.02564054854728336,
        "train_epoch_time": 649.8989789485931,
        "val_loss": 1.8597086668014526,
        "val_IoU": 0.03234855526224799,
        "val_epoch_time": 176.05250072479248
    },
    "17": {
        "train_loss": 1.8960472771099632,
        "train_IoU": 0.04111082527583571,
        "train_epoch_time": 649.6128332614899,
        "val_loss": 1.8675593137741089,
        "val_IoU": 0.030023950494112217,
        "val_epoch_time": 175.54618763923645
    },
    "18": {
        "train_loss": 1.8837925025394984,
        "train_IoU": 0.03366946620312422,
        "train_epoch_time": 650.4405343532562,
        "val_loss": 1.8333894908428192,
        "val_IoU": 0.040648681453675464,
        "val_epoch_time": 176.5725920200348
    },
    "19": {
        "train_loss": 1.8791344761848454,
        "train_IoU": 0.024865438173117864,
        "train_epoch_time": 649.8338918685913,
        "val_loss": 1.8634911179542542,
        "val_IoU": 0.03120420578576468,
        "val_epoch_time": 175.64950823783875
    }
}