{
    "1": {
        "train_loss": 2.0040665354047507,
        "train_IoU": 0.02022930908203125,
        "train_epoch_time": 745.8359320163727,
        "val_loss": 1.9917044937610626,
        "val_IoU": 0.020860900878906248,
        "val_epoch_time": 203.66177010536194
    },
    "2": {
        "train_loss": 1.999132267066411,
        "train_IoU": 0.021567291259765625,
        "train_epoch_time": 751.4447975158691,
        "val_loss": 1.9817212522029877,
        "val_IoU": 0.020578216552734375,
        "val_epoch_time": 190.35855388641357
    },
    "3": {
        "train_loss": 1.9944875921521872,
        "train_IoU": 0.01979742431640625,
        "train_epoch_time": 726.0628669261932,
        "val_loss": 1.978543996810913,
        "val_IoU": 0.0194593505859375,
        "val_epoch_time": 195.5175802707672
    },
    "4": {
        "train_loss": 1.9902830038751875,
        "train_IoU": 0.020034606933593747,
        "train_epoch_time": 739.6684122085571,
        "val_loss": 1.9818325638771057,
        "val_IoU": 0.020662994384765626,
        "val_epoch_time": 195.82843685150146
    },
    "5": {
        "train_loss": 1.9916758963039944,
        "train_IoU": 0.020486968994140625,
        "train_epoch_time": 742.3327641487122,
        "val_loss": 1.9650745689868927,
        "val_IoU": 0.019243682861328125,
        "val_epoch_time": 197.4121572971344
    }
}