{
    "1": {
        "train_loss": 2.3215513910566057,
        "train_IoU": 0.020229309797286987,
        "train_epoch_time": 686.0016362667084
    },
    "2": {
        "train_loss": 2.033364457743508,
        "train_IoU": 0.017605986446142197,
        "train_epoch_time": 644.4768216609955
    },
    "3": {
        "train_loss": 2.0137101326669966,
        "train_IoU": 0.021567290648818016,
        "train_epoch_time": 640.3484358787537
    },
    "4": {
        "train_loss": 2.0054444074630733,
        "train_IoU": 0.01956869475543499,
        "train_epoch_time": 650.356614112854,
        "val_loss": 1.9744850993156433,
        "val_IoU": 0.02023809775710106,
        "val_epoch_time": 187.66413235664368
    },
    "5": {
        "train_loss": 2.001281389168331,
        "train_IoU": 0.02100631780922413,
        "train_epoch_time": 684.97052526474
    },
    "6": {
        "train_loss": 1.996005151953016,
        "train_IoU": 0.020034607499837875,
        "train_epoch_time": 654.5190951824188
    },
    "7": {
        "train_loss": 1.9955265266554696,
        "train_IoU": 0.02023455873131752,
        "train_epoch_time": 647.4540448188782
    },
    "8": {
        "train_loss": 1.99057970728193,
        "train_IoU": 0.020486969500780106,
        "train_epoch_time": 644.7061281204224,
        "val_loss": 1.9618518650531769,
        "val_IoU": 0.01924368366599083,
        "val_epoch_time": 181.2857415676117
    },
    "9": {
        "train_loss": 1.9836622732026234,
        "train_IoU": 0.019826598465442657,
        "train_epoch_time": 673.676983833313
    },
    "10": {
        "train_loss": 2.0238630856786455,
        "train_IoU": 0.021166685968637466,
        "train_epoch_time": 632.1881730556488
    },
    "11": {
        "train_loss": 1.9911008817808968,
        "train_IoU": 0.020344024524092674,
        "train_epoch_time": 626.6750767230988
    },
    "12": {
        "train_loss": 1.9804780398096358,
        "train_IoU": 0.024249861016869545,
        "train_epoch_time": 625.5632166862488,
        "val_loss": 1.9540677666664124,
        "val_IoU": 0.022281114012002945,
        "val_epoch_time": 181.2806088924408
    },
    "13": {
        "train_loss": 1.9728838460786002,
        "train_IoU": 0.023453446105122566,
        "train_epoch_time": 666.2336826324463
    },
    "14": {
        "train_loss": 1.9689616475786482,
        "train_IoU": 0.021006222814321518,
        "train_epoch_time": 625.3132071495056
    }
}