{
    "1": {
        "train_loss": 2.17032195130984,
        "train_IoU": 0.023092549294233322,
        "train_epoch_time": 579.7923429012299
    },
    "2": {
        "train_loss": 2.019264161586762,
        "train_IoU": 0.016765035688877106,
        "train_epoch_time": 504.0437169075012
    },
    "3": {
        "train_loss": 2.0092781459291773,
        "train_IoU": 0.021537475287914276,
        "train_epoch_time": 469.45977783203125
    }
}