{
    "1": {
        "train_loss": 1.887584524495261,
        "train_IoU": 0.04071400366469574,
        "train_epoch_time": 648.3480565547943,
        "val_loss": 1.9322385787963867,
        "val_IoU": 0.04180909765477202,
        "val_epoch_time": 180.54804801940918
    },
    "2": {
        "train_loss": 1.8653403009687155,
        "train_IoU": 0.03984286469377721,
        "train_epoch_time": 648.0661129951477,
        "val_loss": 1.8944505751132965,
        "val_IoU": 0.03717366733804338,
        "val_epoch_time": 179.8559286594391
    },
    "3": {
        "train_loss": 1.852161271231515,
        "train_IoU": 0.04109952600747741,
        "train_epoch_time": 654.4852797985077,
        "val_loss": 1.8831123113632202,
        "val_IoU": 0.038180675177989856,
        "val_epoch_time": 186.95027256011963
    },
    "4": {
        "train_loss": 1.8595295974186488,
        "train_IoU": 0.03845730376527891,
        "train_epoch_time": 648.9918727874756,
        "val_loss": 1.897217035293579,
        "val_IoU": 0.03741041025856438,
        "val_epoch_time": 179.8861198425293
    },
    "5": {
        "train_loss": 1.8678764530590604,
        "train_IoU": 0.0395595400243136,
        "train_epoch_time": 646.4234085083008,
        "val_loss": 1.9111635982990265,
        "val_IoU": 0.03799244194803122,
        "val_epoch_time": 179.18816947937012
    },
    "6": {
        "train_loss": 1.855084436280387,
        "train_IoU": 0.0434736221836845,
        "train_epoch_time": 647.2250106334686,
        "val_loss": 1.862339735031128,
        "val_IoU": 0.04332439699699171,
        "val_epoch_time": 180.8848078250885
    },
    "7": {
        "train_loss": 1.8384892599923268,
        "train_IoU": 0.04957361586565481,
        "train_epoch_time": 647.2230632305145,
        "val_loss": 1.8847284018993378,
        "val_IoU": 0.043598825167454856,
        "val_epoch_time": 180.7055094242096
    },
    "8": {
        "train_loss": 1.8525913698332652,
        "train_IoU": 0.043821177028443695,
        "train_epoch_time": 648.2379984855652,
        "val_loss": 1.8562793731689453,
        "val_IoU": 0.032151574896598215,
        "val_epoch_time": 179.4868335723877
    },
    "9": {
        "train_loss": 1.8484501583235602,
        "train_IoU": 0.04092695583056424,
        "train_epoch_time": 647.2434225082397,
        "val_loss": 1.8738315999507904,
        "val_IoU": 0.03774972785757318,
        "val_epoch_time": 180.19294929504395
    },
    "10": {
        "train_loss": 1.8452187095369614,
        "train_IoU": 0.04141416109256278,
        "train_epoch_time": 647.6878504753113,
        "val_loss": 1.8637654781341553,
        "val_IoU": 0.04407291903860126,
        "val_epoch_time": 180.7162322998047
    },
    "11": {
        "train_loss": 1.846231630870274,
        "train_IoU": 0.04504304136379336,
        "train_epoch_time": 646.7081203460693,
        "val_loss": 1.873834639787674,
        "val_IoU": 0.041784607149806655,
        "val_epoch_time": 180.73510432243347
    },
    "12": {
        "train_loss": 1.835172125271388,
        "train_IoU": 0.04693386985835166,
        "train_epoch_time": 647.4839096069336,
        "val_loss": 1.8780587315559387,
        "val_IoU": 0.04583739822448181,
        "val_epoch_time": 179.2210214138031
    },
    "13": {
        "train_loss": 1.840993898255484,
        "train_IoU": 0.047646789055338,
        "train_epoch_time": 646.2922234535217,
        "val_loss": 1.879786103963852,
        "val_IoU": 0.04169472220883189,
        "val_epoch_time": 178.734876871109
    },
    "14": {
        "train_loss": 1.82751213652747,
        "train_IoU": 0.04584727043856128,
        "train_epoch_time": 646.6824555397034,
        "val_loss": 1.8487445414066315,
        "val_IoU": 0.040414191923628995,
        "val_epoch_time": 179.83503937721252
    },
    "15": {
        "train_loss": 1.8322639976228985,
        "train_IoU": 0.04310805390148702,
        "train_epoch_time": 648.093255519867,
        "val_loss": 1.8441868424415588,
        "val_IoU": 0.03853547138651421,
        "val_epoch_time": 178.81688809394836
    },
    "16": {
        "train_loss": 1.8313182166644504,
        "train_IoU": 0.03811024616573348,
        "train_epoch_time": 649.8482513427734,
        "val_loss": 1.8443426489830017,
        "val_IoU": 0.04109223544729173,
        "val_epoch_time": 179.4980297088623
    },
    "17": {
        "train_loss": 1.8268357855933055,
        "train_IoU": 0.04603161730465863,
        "train_epoch_time": 646.8703856468201,
        "val_loss": 1.856182485818863,
        "val_IoU": 0.045166836817786216,
        "val_epoch_time": 180.8721821308136
    },
    "18": {
        "train_loss": 1.8281084213938035,
        "train_IoU": 0.04687978038400272,
        "train_epoch_time": 648.8201732635498,
        "val_loss": 1.8793406784534457,
        "val_IoU": 0.03821131362003695,
        "val_epoch_time": 179.59913063049316
    },
    "19": {
        "train_loss": 1.8342236791338238,
        "train_IoU": 0.04520330544717216,
        "train_epoch_time": 647.7147707939148,
        "val_loss": 1.8480075597763062,
        "val_IoU": 0.040862852652133616,
        "val_epoch_time": 179.97365641593933
    }
}