{
    "1": {
        "train_loss": 1.8578086520234742,
        "train_IoU": 0.04325740411877632,
        "train_epoch_time": 613.3999266624451
    },
    "2": {
        "train_loss": 1.8434904217720032,
        "train_IoU": 0.04370766133069992,
        "train_epoch_time": 447.4549298286438
    },
    "3": {
        "train_loss": 1.8274567524592078,
        "train_IoU": 0.04066374525427818,
        "train_epoch_time": 452.6623477935791
    },
    "4": {
        "train_loss": 1.833712341884772,
        "train_IoU": 0.040908075869083405,
        "train_epoch_time": 459.68900513648987,
        "val_loss": 1.883521907031536,
        "val_IoU": 0.0420384556055069,
        "val_epoch_time": 215.51405835151672
    },
    "5": {
        "train_loss": 1.828545704483986,
        "train_IoU": 0.04188606142997742,
        "train_epoch_time": 593.4260265827179
    },
    "6": {
        "train_loss": 1.8077473565936084,
        "train_IoU": 0.044436123222112656,
        "train_epoch_time": 450.8627419471741
    },
    "7": {
        "train_loss": 1.79989800353845,
        "train_IoU": 0.047465063631534576,
        "train_epoch_time": 483.2348690032959
    },
    "8": {
        "train_loss": 1.8036822254459066,
        "train_IoU": 0.04445566236972809,
        "train_epoch_time": 468.25912952423096,
        "val_loss": 1.8248696327209473,
        "val_IoU": 0.05254729092121124,
        "val_epoch_time": 215.69838523864746
    },
    "9": {
        "train_loss": 1.7995474735895793,
        "train_IoU": 0.0436428003013134,
        "train_epoch_time": 604.1041831970215
    },
    "10": {
        "train_loss": 1.797647461295128,
        "train_IoU": 0.04992619901895523,
        "train_epoch_time": 474.24412751197815
    }
}